naziv;sifra;marka;jedinica_mjere;cijena_za_jedinicu_mjere;maloprodajna_cijena;poseban_oblik_prodaje;naziv_posebnog_oblika_prodaje;sidrena_cijena;barkod;dostupnost
Ručno šivani kožni remen Dravon;REM-DRA-40-CRN-XL;Covart;kom;55.00;55.00;NE;;55.00;COV0000055;DOSTUPNO
Ručno šivani kožni remen Dravon 40;REM-DRA-40;Covart;kom;58.00;58.00;NE;;58.00;COV0000061;DOSTUPNO
Ručno šivani kožni remen Xyrian;REM-XYR-40-TSM-XXL;Covart;kom;75.00;75.00;NE;;75.00;COV0000072;DOSTUPNO
Ručno šivan kožni remen Dravon;REM-DRA-TSM-3XL;Covart;kom;44.31;44.31;DA;Sniženje;56.00;COV0000050;DOSTUPNO
Ručno šivan i ručno opšiven kožni remen Xyrian - Limited;REM-XYR-40-OGR-CRN-XXL;Covart;kom;80.00;80.00;DA;Sniženje;160.00;COV0000049;DOSTUPNO
Ručno šivani kožni remen Dravon;REM-DRA-40-S;Covart;kom;50.00;50.00;NE;;50.00;COV0000056;DOSTUPNO
Ručno šivani kožni remen Zerath 40;REM-ZER-40;Covart;kom;33.68;33.68;DA;Sniženje;50.00;COV0000078;DOSTUPNO
Ručno šivani kožni remen Zerath 40;REM-ZER-40;Covart;kom;28.46;28.46;DA;Sniženje;40.00;COV0000079;DOSTUPNO
Ručno šivani kožni remen Dravon 40;REM-DRA-40-CRN-S;Covart;kom;43.60;43.60;DA;Sniženje;50.00;COV0000063;DOSTUPNO
Kožni remen Kaelis;REM-KAE-40-SME-UNI;Covart;kom;22.50;22.50;DA;Sniženje;30.00;COV0000013;DOSTUPNO
Ručno šivani kožni remen Dravon 40;REM-DRA-40-TSM;Covart;kom;58.00;58.00;NE;;58.00;COV0000064;DOSTUPNO
Ručno šivani kožni remen Dravon 35-1;REM-DRA-35-SME-XL;Covart;kom;50.00;50.00;NE;;50.00;COV0000057;DOSTUPNO
Ručno šivani kožni remen Dravon 35-1;REM-DRA-35-SME-XXL;Covart;kom;50.00;50.00;NE;;50.00;COV0000058;DOSTUPNO
Ručno šivani kožni remen Zerath 35-1;REM-ZER-35-CRN;Covart;kom;34.75;34.75;DA;Sniženje;43.00;COV0000076;DOSTUPNO
Ručno šivani kožni remen Dravon 40-5;REM-DRA-40-SME-XXL;Covart;kom;55.00;55.00;NE;;55.00;COV0000065;DOSTUPNO
Ručno šivani kožni remen Dravon 40-5;REM-DRA-40-SME-L;Covart;kom;55.00;55.00;NE;;55.00;COV0000066;DOSTUPNO
Ručno šivani držač kartica;KRT-LIN;Covart;kom;30.00;30.00;NE;;30.00;COV0000051;DOSTUPNO
Ručno izrađen kožni remen Kaelis 35;REM-KAE-35;Covart;kom;37.00;37.00;NE;;37.00;COV0000037;DOSTUPNO
Ručno rađeni kožni remen Voryn 40;REM-VOR-40-CRN-XXL;Covart;kom;26.00;26.00;NE;;26.00;COV0000045;DOSTUPNO
Ručno rađeni kožni remen Voryn 40;REM-VOR-40-CRN-3XL;Covart;kom;26.00;26.00;NE;;26.00;COV0000044;DOSTUPNO
Ručno rađeni kožni remen Voryn 40;REM-VOR-40-TSM-L;Covart;kom;26.00;26.00;NE;;26.00;COV0000046;DOSTUPNO
Ručno šivani kožni remen Dravon 40;REM-DRA-40-SME;Covart;kom;57.00;57.00;NE;;57.00;COV0000062;DOSTUPNO
Ručno izrađeni kožni remen Black Forge 43 – Skull Force Edition;REM-DRA-43-OGR;Covart;kom;55.00;55.00;NE;;55.00;COV0000039;DOSTUPNO
Ručno šivani kožni remen Zerath 40;REM-ZER-40;Covart;kom;47.00;47.00;NE;;47.00;COV0000077;DOSTUPNO
Ručno šivani kožni remen Dravon 40;REM-DRA-40;Covart;kom;50.00;50.00;NE;;50.00;COV0000060;DOSTUPNO
Ručno šivani kožni remen - Vintage (unikat);UNI-0001;Covart;kom;45.00;45.00;NE;;45.00;COV0000054;DOSTUPNO
Ručno izrađeni remen Kaelis 41;REM-KAE-41;Covart;kom;35.00;35.00;NE;;35.00;COV0000042;DOSTUPNO
Ručno šivani kožni remen Dravon 40;REM-DRA-40;Covart;kom;55.00;55.00;NE;;55.00;COV0000059;DOSTUPNO
Ručno šivani ženski remen Zerath 35 Vintage;REM-ZER-35;Covart;kom;48.00;48.00;NE;;48.00;COV0000085;DOSTUPNO
Ručno šivani kožni remen Xyrian;REM-XYR-M;Covart;kom;89.00;89.00;NE;;89.00;COV0000070;DOSTUPNO
Ručno šivani kožni remen Xyrian;REM-XYR-XXL;Covart;kom;85.00;85.00;NE;;85.00;COV0000071;DOSTUPNO
Ručno šivani kožni remen Xyrian;REM-XYR-M;Covart;kom;85.00;85.00;NE;;85.00;COV0000069;DOSTUPNO
Ručno šivani kožni remen Xyrian 40;REM-XYR-40-M;Covart;kom;75.00;75.00;NE;;75.00;COV0000075;DOSTUPNO
Ručno šivani kožni remen Xyrian 40;REM-XYR-40-L;Covart;kom;75.00;75.00;NE;;75.00;COV0000073;DOSTUPNO
Ručno šivani kožni remen Xyrian 40;REM-XYR-40-M;Covart;kom;82.00;82.00;NE;;82.00;COV0000074;DOSTUPNO
Ručno šivani kožni remeni Xyrian 40;REM-XYR-40-L;Covart;kom;68.39;68.39;DA;Sniženje;89.00;COV0000080;DOSTUPNO
Ručno šivani kožni remeni Xyrian 40;REM-XYR-40-XXL;Covart;kom;68.39;68.39;DA;Sniženje;89.00;COV0000081;DOSTUPNO
Ručno izrađeni kožni remen Kaelis 34;REM-KAE-34;Covart;kom;32.00;32.00;NE;;32.00;COV0000041;DOSTUPNO
Ručno šivani remen Xyrian 34;REM-XYR-34-3XL;Covart;kom;60.00;60.00;NE;;60.00;COV0000082;DOSTUPNO
Ručno izrađeni kožni remen Dravon 34;REM-DRA-34-3XL;Covart;kom;53.00;53.00;NE;;53.00;COV0000040;DOSTUPNO
Ručno rađeni ženski remen Xyrian 34;REM-XYR-34-NAR-3XL;Covart;kom;60.00;60.00;NE;;60.00;COV0000048;DOSTUPNO
Ručno rađeni ženski remen Xyrian 34;REM-XYR-34-CRN-3XL;Covart;kom;60.00;60.00;NE;;60.00;COV0000047;DOSTUPNO
Ručno izrađeni ženski kožni remen Xyrian 34;REM-XYR-34-3XL;Covart;kom;63.00;63.00;NE;;63.00;COV0000043;DOSTUPNO
Ručno izrađeni i šivani kožni etui za 3 cigare;ETU-CIG-3;Covart;kom;95.00;95.00;NE;;95.00;COV0000038;DOSTUPNO
Ručno šivani kožni novčanik Stratum;NOV-STR-TSM;Covart;kom;95.00;95.00;NE;;95.00;COV0000053;NEDOSTUPNO
Ručno šivani kožni novčanik Stratum;NOV-STR-SME;Covart;kom;95.00;95.00;NE;;95.00;COV0000052;DOSTUPNO
Muški kožni remen Xyrian 35;REM-XYR-35-XL;Covart;kom;63.00;63.00;NE;;63.00;COV0000025;DOSTUPNO
Muški kožni remen Xyrian 35;REM-XYR-35-XXL;Covart;kom;63.00;63.00;NE;;63.00;COV0000026;DOSTUPNO
Muški kožni remen Xyrian 35;REM-XYR-35-L;Covart;kom;63.00;63.00;NE;;63.00;COV0000024;DOSTUPNO
Muški kožni remen Xyrian - Warrior;REM-XYR-RAT-XXL;Covart;kom;75.00;75.00;NE;;75.00;COV0000023;DOSTUPNO
Muški kožni remen Xyrian - Warrior;REM-XYR-RAT-M;Covart;kom;75.00;75.00;NE;;75.00;COV0000022;DOSTUPNO
Muški kožni remen Xyrian - Warrior;REM-XYR-RAT-L;Covart;kom;75.00;75.00;NE;;75.00;COV0000021;NEDOSTUPNO
Ženski kožni remen Zerath 35;REM-ZER-35-XL;Covart;kom;40.00;40.00;NE;;40.00;COV0000087;DOSTUPNO
Muški kožni remen Zerath 35;REM-ZER-35-TSM-XL;Covart;kom;30.00;30.00;NE;;30.00;COV0000027;NEDOSTUPNO
Kožni remen ručni rad Zerath 40;REM-ZER-40-XL;Covart;kom;40.00;40.00;NE;;40.00;COV0000017;DOSTUPNO
Ručno šivani ženski kožni remen Xyrian Limited;REM-XYR-OGR-SME-XXL;Covart;kom;87.00;87.00;NE;;87.00;COV0000084;DOSTUPNO
Kožni etui za ključeve;ETU-SME;Covart;kom;14.00;14.00;NE;;14.00;COV0000006;DOSTUPNO
Kožni etui za ključeve;ETU-CRN;Covart;kom;14.00;14.00;NE;;14.00;COV0000007;DOSTUPNO
Kožni etui za ključeve;ETU-CRN;Covart;kom;14.00;14.00;NE;;14.00;COV0000008;DOSTUPNO
Kožni etui za ključeve;ETU-SME;Covart;kom;14.00;14.00;NE;;14.00;COV0000009;DOSTUPNO
Kožni etui za ključeve;ETU-SME;Covart;kom;14.00;14.00;NE;;14.00;COV0000010;DOSTUPNO
Kožni etui za ključeve;ETU-SME;Covart;kom;14.00;14.00;NE;;14.00;COV0000011;DOSTUPNO
Kožni etui za ključeve;ETU-SME;Covart;kom;14.00;14.00;NE;;14.00;COV0000012;DOSTUPNO
Futrola za pištolj od čvrste kože;FUT-PIS;Covart;kom;195.00;195.00;NE;;195.00;COV0000001;DOSTUPNO
Minimalistički novčanik;NOV-TLV-TSM;Covart;kom;60.00;60.00;DA;Sniženje;70.00;COV0000020;DOSTUPNO
Minimalistički novčanik;NOV-TLV-SME;Covart;kom;60.00;60.00;DA;Sniženje;70.00;COV0000019;NEDOSTUPNO
Minimalistički novčanik;NOV-TLV-PLA;Covart;kom;60.00;60.00;DA;Sniženje;70.00;COV0000018;DOSTUPNO
Ženski remen s kopčom zmije;REM-XYR-40-OGR-BIJ-XL-105;Covart;kom;69.00;69.00;DA;Sniženje;80.00;COV0000091;DOSTUPNO
Ženski remen s kopčom zmije;REM-XYR-40-OGR-BIJ-M-95;Covart;kom;69.00;69.00;DA;Sniženje;80.00;COV0000089;DOSTUPNO
Ženski remen s kopčom zmije;REM-XYR-40-OGR-BIJ-XXL-110;Covart;kom;69.00;69.00;DA;Sniženje;80.00;COV0000095;NEDOSTUPNO
Ženski remen s kopčom zmije;REM-XYR-40-OGR-BIJ-XL-115;Covart;kom;69.00;69.00;DA;Sniženje;80.00;COV0000093;NEDOSTUPNO
Ženski remen s kopčom zmije;REM-XYR-40-OGR-SME-XL-105;Covart;kom;69.00;69.00;DA;Sniženje;80.00;COV0000090;DOSTUPNO
Ženski remen s kopčom zmije;REM-XYR-40-OGR-SME-M-95;Covart;kom;69.00;69.00;DA;Sniženje;80.00;COV0000088;NEDOSTUPNO
Ženski remen s kopčom zmije;REM-XYR-40-OGR-SME-XXL-110;Covart;kom;69.00;69.00;DA;Sniženje;80.00;COV0000094;DOSTUPNO
Ženski remen s kopčom zmije;REM-XYR-40-OGR-SME-XL-115;Covart;kom;69.00;69.00;DA;Sniženje;80.00;COV0000092;DOSTUPNO
Ručno šivani kožni remen Nature 40;REM-NTR-40-XL;Covart;kom;83.00;83.00;NE;;83.00;COV0000067;DOSTUPNO
Ručno šivani kožni remen Nature 40 B;REM-NTR-40-B-XL;Covart;kom;87.00;87.00;NE;;87.00;COV0000068;DOSTUPNO
Replika povijesnih kožnih uprtača;UPR-POV-PRM;Covart;kom;281.00;281.00;NE;;281.00;COV0000028;NEDOSTUPNO
Ručno šivani vintage kožni tregeri;TRG;Covart;kom;263.00;263.00;NE;;263.00;COV0000083;DOSTUPNO
Replika povijesnog opasača - PREMIUM;OPA-POV-PRM-XXL;Covart;kom;119.00;119.00;NE;;119.00;COV0000030;DOSTUPNO
Replika povijesnog opasača - PREMIUM;OPA-POV-PRM-XXL;Covart;kom;99.00;99.00;NE;;99.00;COV0000029;DOSTUPNO
Set povijesnih vojnih uprtača s opasačem;KOU-POV-PRM;Covart;kom;390.00;390.00;NE;;390.00;COV0000086;DOSTUPNO
Gajka (držak) za opasač s D-prstenom - PREMIUM;GAJ-POV-PRM-NAT-DPR-POL;Covart;kom;15.00;15.00;NE;;15.00;COV0000005;DOSTUPNO
Gajka (držak) za opasač s D-prstenom - PREMIUM;GAJ-POV-PRM-CRN-DPR-POL;Covart;kom;15.00;15.00;NE;;15.00;COV0000003;DOSTUPNO
Gajka (držak) za opasač s D-prstenom - PREMIUM;GAJ-POV-NAT-DPR-NER;Covart;kom;10.00;10.00;NE;;10.00;COV0000004;DOSTUPNO
Gajka (držak) za opasač s D-prstenom - PREMIUM;GAJ-POV-PRM-CRN-DPR-NER;Covart;kom;10.00;10.00;NE;;10.00;COV0000002;DOSTUPNO
Replika povijesnog opasača Natur s dvije gajke - Classic;OPA-POV-KLA-NAT-XXL;Covart;kom;70.00;70.00;NE;;70.00;COV0000036;DOSTUPNO
Replika povijesnog opasača Natur s dvije gajke - Classic;OPA-POV-KLA-NAT-XXL;Covart;kom;60.00;60.00;NE;;60.00;COV0000035;DOSTUPNO
Kožni remen ručni rad - Classic 40;REM-ZER-40-NAT-4XL;Covart;kom;49.00;49.00;NE;;49.00;COV0000014;NEDOSTUPNO
Kožni remen ručni rad - Classic 40;REM-ZER-40-NAT-XXL;Covart;kom;49.00;49.00;NE;;49.00;COV0000015;DOSTUPNO
Kožni remen ručni rad - Classic 40;REM-ZER-40-NAT-XXL+;Covart;kom;49.00;49.00;NE;;49.00;COV0000016;NEDOSTUPNO
Replika povijesnog opasača crni - PREMIUM;OPA-POV-PRM-CRN-XXL;Covart;kom;89.00;89.00;NE;;89.00;COV0000033;DOSTUPNO
Replika povijesnog opasača crni - PREMIUM;OPA-POV-PRM-CRN-XXL;Covart;kom;109.00;109.00;NE;;109.00;COV0000034;DOSTUPNO
Replika povijesnog opasača crni - PREMIUM;OPA-POV-PRM-CRN-XL;Covart;kom;89.00;89.00;NE;;89.00;COV0000031;DOSTUPNO
Replika povijesnog opasača crni - PREMIUM;OPA-POV-PRM-CRN-XL;Covart;kom;109.00;109.00;NE;;109.00;COV0000032;DOSTUPNO
